country_of_residence,records,asd_rate
United States,107,46.728971962616825
India,80,6.25
United Arab Emirates,79,3.79746835443038
New Zealand,76,18.421052631578945
United Kingdom,75,37.333333333333336
Jordan,47,4.25531914893617
Australia,27,44.44444444444444
Sri Lanka,14,0.0
Canada,14,71.42857142857143
Afghanistan,13,15.384615384615385
France,11,45.45454545454545
Brazil,9,55.55555555555556
